Data,Novos casos,Leitos UTI ocupados,Leitos clínicos ocupados,Ativos,Suspeitos ativos,Novos curados,Novos testes,Novos óbitos
30/03/2020,,,,,,,,0.0
31/03/2020,,,,,,,,0.0
01/04/2020,,,,,,,,0.0
02/04/2020,,,,,,,,0.0
03/04/2020,,,,,,,,0.0
04/04/2020,,,,,,,,0.0
05/04/2020,0.14285714285714285,,,,32.0,,1.4285714285714286,0.0
06/04/2020,0.14285714285714285,2.2857142857142856,8.714285714285714,,33.857142857142854,,2.142857142857143,0.0
07/04/2020,0.14285714285714285,2.142857142857143,8.428571428571429,,35.714285714285715,,2.142857142857143,1.0
08/04/2020,0.42857142857142855,2.142857142857143,7.857142857142857,,36.42857142857143,,3.0,0.0
09/04/2020,0.7142857142857143,2.142857142857143,7.428571428571429,,37.0,,3.2857142857142856,0.0
10/04/2020,1.1428571428571428,2.142857142857143,7.428571428571429,,37.42857142857143,,3.4285714285714284,0.0
11/04/2020,1.2857142857142858,2.2857142857142856,7.142857142857143,,38.142857142857146,,3.7142857142857144,0.0
12/04/2020,1.2857142857142858,2.7142857142857144,6.714285714285714,,39.285714285714285,,3.7142857142857144,0.0
13/04/2020,1.1428571428571428,2.857142857142857,6.857142857142857,,39.857142857142854,,3.142857142857143,0.0
14/04/2020,1.1428571428571428,2.857142857142857,7.428571428571429,,40.857142857142854,,3.5714285714285716,0.0
15/04/2020,1.1428571428571428,2.857142857142857,8.0,,41.857142857142854,,3.857142857142857,0.0
16/04/2020,1.0,2.7142857142857144,8.428571428571429,,42.57142857142857,,4.428571428571429,0.0
17/04/2020,0.7142857142857143,2.5714285714285716,8.714285714285714,,41.857142857142854,,5.285714285714286,0.0
18/04/2020,0.5714285714285714,2.4285714285714284,8.857142857142858,,41.0,,5.0,0.0
19/04/2020,0.5714285714285714,2.5714285714285716,8.714285714285714,,39.857142857142854,,5.0,0.0
20/04/2020,0.5714285714285714,2.7142857142857144,8.428571428571429,,38.0,,5.571428571428571,0.0
21/04/2020,1.1428571428571428,2.857142857142857,8.571428571428571,,35.57142857142857,,5.857142857142857,0.0
22/04/2020,1.1428571428571428,2.857142857142857,8.714285714285714,3.5714285714285716,32.142857142857146,,6.571428571428571,0.0
23/04/2020,1.5714285714285714,2.857142857142857,9.142857142857142,3.7142857142857144,28.0,1.4285714285714286,7.285714285714286,0.0
24/04/2020,1.7142857142857142,3.0,9.428571428571429,4.0,25.428571428571427,1.4285714285714286,6.571428571428571,0.0
25/04/2020,1.8571428571428572,3.0,10.142857142857142,4.714285714285714,22.428571428571427,1.1428571428571428,7.285714285714286,0.0
26/04/2020,1.8571428571428572,2.7142857142857144,11.142857142857142,5.428571428571429,19.142857142857142,1.1428571428571428,7.285714285714286,0.0
27/04/2020,1.8571428571428572,2.5714285714285716,11.571428571428571,5.571428571428571,16.714285714285715,1.7142857142857142,7.571428571428571,0.0
28/04/2020,1.4285714285714286,2.7142857142857144,11.571428571428571,5.428571428571429,14.428571428571429,1.5714285714285714,7.0,0.0
29/04/2020,1.4285714285714286,2.857142857142857,12.428571428571429,5.714285714285714,14.285714285714286,1.1428571428571428,5.428571428571429,0.0
30/04/2020,1.1428571428571428,2.857142857142857,13.142857142857142,5.571428571428571,15.285714285714286,1.2857142857142858,3.7142857142857144,0.0
01/05/2020,0.8571428571428571,2.7142857142857144,13.428571428571429,5.0,15.714285714285714,1.4285714285714286,3.4285714285714284,0.0
02/05/2020,0.7142857142857143,2.7142857142857144,13.0,4.285714285714286,16.285714285714285,1.4285714285714286,3.0,0.0
03/05/2020,0.7142857142857143,2.857142857142857,11.714285714285714,3.4285714285714284,16.142857142857142,1.5714285714285714,3.857142857142857,0.0
04/05/2020,1.0,2.857142857142857,11.428571428571429,3.142857142857143,16.857142857142858,1.2857142857142858,3.2857142857142856,0.0
05/05/2020,1.0,2.857142857142857,12.0,3.0,18.285714285714285,1.1428571428571428,3.142857142857143,0.0
06/05/2020,0.7142857142857143,2.7142857142857144,12.0,2.5714285714285716,18.857142857142858,1.1428571428571428,3.4285714285714284,0.0
07/05/2020,0.42857142857142855,2.7142857142857144,11.857142857142858,2.2857142857142856,19.714285714285715,0.7142857142857143,3.142857142857143,0.0
08/05/2020,0.7142857142857143,2.857142857142857,12.142857142857142,2.2857142857142856,20.714285714285715,0.7142857142857143,5.142857142857143,0.0
09/05/2020,0.7142857142857143,2.857142857142857,12.285714285714286,2.2857142857142856,20.428571428571427,0.7142857142857143,5.428571428571429,0.0
10/05/2020,0.8571428571428571,2.7142857142857144,13.428571428571429,2.4285714285714284,21.142857142857142,0.7142857142857143,4.857142857142857,0.0
11/05/2020,1.1428571428571428,2.7142857142857144,14.0,3.0,20.714285714285715,0.5714285714285714,5.0,0.0
12/05/2020,1.1428571428571428,2.5714285714285716,13.571428571428571,3.5714285714285716,19.285714285714285,0.42857142857142855,6.142857142857143,1.0
13/05/2020,1.4285714285714286,2.857142857142857,13.428571428571429,4.428571428571429,18.857142857142858,0.42857142857142855,6.142857142857143,0.0
14/05/2020,1.5714285714285714,3.0,13.285714285714286,5.428571428571429,17.571428571428573,0.42857142857142855,7.0,0.0
15/05/2020,2.0,3.0,12.571428571428571,6.857142857142857,16.0,0.42857142857142855,5.857142857142857,0.0
16/05/2020,2.142857142857143,3.0,12.857142857142858,8.285714285714286,16.142857142857142,0.5714285714285714,5.714285714285714,0.0
17/05/2020,2.142857142857143,3.142857142857143,13.0,9.857142857142858,16.0,0.42857142857142855,5.571428571428571,0.0
18/05/2020,2.142857142857143,3.142857142857143,12.714285714285714,11.142857142857142,15.571428571428571,0.5714285714285714,6.571428571428571,1.0
19/05/2020,2.0,3.4285714285714284,12.428571428571429,12.428571428571429,16.857142857142858,0.5714285714285714,6.0,0.0
20/05/2020,2.142857142857143,3.2857142857142856,12.285714285714286,13.285714285714286,18.428571428571427,1.0,7.142857142857143,1.0
21/05/2020,2.857142857142857,3.4285714285714284,12.285714285714286,14.857142857142858,18.857142857142858,1.0,8.428571428571429,0.0
22/05/2020,3.4285714285714284,3.7142857142857144,12.714285714285714,16.571428571428573,19.714285714285715,1.7142857142857142,10.142857142857142,0.0
23/05/2020,4.0,3.857142857142857,13.142857142857142,18.714285714285715,19.571428571428573,1.5714285714285714,10.857142857142858,0.0
24/05/2020,4.0,3.7142857142857144,13.142857142857142,20.142857142857142,19.142857142857142,2.2857142857142856,11.0,0.0
25/05/2020,4.714285714285714,3.5714285714285716,13.857142857142858,22.571428571428573,18.571428571428573,2.142857142857143,10.714285714285714,0.0
26/05/2020,6.0,3.2857142857142856,15.0,24.714285714285715,17.142857142857142,3.7142857142857144,12.285714285714286,0.0
27/05/2020,7.428571428571429,3.0,16.428571428571427,27.714285714285715,16.142857142857142,4.428571428571429,14.142857142857142,0.0
28/05/2020,7.142857142857143,2.5714285714285716,17.142857142857142,29.571428571428573,16.571428571428573,5.285714285714286,13.428571428571429,0.0
29/05/2020,8.857142857142858,2.4285714285714284,18.142857142857142,31.714285714285715,17.571428571428573,6.428571428571429,18.857142857142858,0.0
30/05/2020,8.142857142857142,2.5714285714285716,18.714285714285715,32.285714285714285,20.0,7.571428571428571,17.857142857142858,0.0
31/05/2020,8.142857142857142,2.857142857142857,19.285714285714285,32.285714285714285,22.714285714285715,8.142857142857142,18.0,0.0
01/06/2020,8.0,3.2857142857142856,19.428571428571427,31.571428571428573,25.142857142857142,8.714285714285714,18.714285714285715,0.0
02/06/2020,7.428571428571429,3.857142857142857,19.714285714285715,31.142857142857142,28.714285714285715,7.857142857142857,19.0,0.0
03/06/2020,6.571428571428571,4.857142857142857,18.285714285714285,29.857142857142858,30.285714285714285,7.857142857142857,18.0,0.0
04/06/2020,7.571428571428571,6.142857142857143,17.714285714285715,29.571428571428573,31.714285714285715,7.857142857142857,19.571428571428573,0.0
05/06/2020,5.714285714285714,6.714285714285714,17.714285714285715,27.857142857142858,33.42857142857143,7.285714285714286,14.714285714285714,0.0
06/06/2020,6.714285714285714,7.285714285714286,17.428571428571427,28.0,34.857142857142854,6.428571428571429,15.571428571428571,0.0
07/06/2020,7.714285714285714,7.714285714285714,17.571428571428573,29.857142857142858,36.0,5.571428571428571,17.428571428571427,1.0
08/06/2020,8.428571428571429,8.428571428571429,17.0,31.285714285714285,38.714285714285715,6.714285714285714,19.571428571428573,0.0
09/06/2020,10.857142857142858,8.857142857142858,16.714285714285715,34.42857142857143,38.714285714285715,7.285714285714286,23.428571428571427,1.0
10/06/2020,11.285714285714286,9.0,17.571428571428573,37.285714285714285,40.42857142857143,8.0,24.0,0.0
11/06/2020,11.0,8.857142857142858,18.428571428571427,38.857142857142854,42.0,8.857142857142858,25.714285714285715,1.0
12/06/2020,10.857142857142858,8.857142857142858,17.857142857142858,40.0,42.714285714285715,9.285714285714286,25.428571428571427,0.0
13/06/2020,12.0,9.0,17.428571428571427,41.142857142857146,42.714285714285715,10.142857142857142,29.428571428571427,2.0
14/06/2020,11.285714285714286,9.428571428571429,17.0,40.857142857142854,42.857142857142854,10.857142857142858,28.285714285714285,1.0
15/06/2020,10.142857142857142,9.428571428571429,17.142857142857142,40.714285714285715,42.285714285714285,9.428571428571429,25.428571428571427,1.0
16/06/2020,9.571428571428571,9.428571428571429,16.571428571428573,40.57142857142857,42.57142857142857,8.857142857142858,25.142857142857142,1.0
17/06/2020,12.285714285714286,9.428571428571429,16.571428571428573,41.857142857142854,41.142857142857146,9.857142857142858,33.0,1.0
18/06/2020,13.714285714285714,9.714285714285714,16.142857142857142,44.714285714285715,39.142857142857146,9.714285714285714,35.42857142857143,1.0
19/06/2020,16.285714285714285,9.857142857142858,16.857142857142858,50.0,37.142857142857146,9.857142857142858,36.42857142857143,0.0
20/06/2020,18.714285714285715,9.857142857142858,17.428571428571427,57.285714285714285,36.142857142857146,10.428571428571429,39.714285714285715,1.0
21/06/2020,19.571428571428573,9.714285714285714,17.857142857142858,65.71428571428571,35.142857142857146,10.285714285714286,44.0,0.0
22/06/2020,21.285714285714285,9.428571428571429,18.714285714285715,73.85714285714286,33.714285714285715,12.285714285714286,48.42857142857143,1.0
23/06/2020,22.857142857142858,9.428571428571429,19.428571428571427,81.28571428571429,32.857142857142854,14.428571428571429,46.857142857142854,0.0
24/06/2020,24.571428571428573,9.714285714285714,19.0,90.57142857142857,32.714285714285715,14.571428571428571,48.42857142857143,0.0
25/06/2020,28.0,9.428571428571429,19.428571428571427,99.42857142857143,33.142857142857146,18.428571428571427,54.714285714285715,2.0
26/06/2020,33.0,9.857142857142858,19.428571428571427,112.28571428571429,34.57142857142857,19.428571428571427,59.42857142857143,0.0
27/06/2020,33.142857142857146,10.285714285714286,20.285714285714285,120.42857142857143,35.857142857142854,24.428571428571427,65.71428571428571,0.0
28/06/2020,33.857142857142854,11.0,20.571428571428573,125.85714285714286,37.714285714285715,27.857142857142858,63.714285714285715,0.0
29/06/2020,34.42857142857143,12.285714285714286,20.285714285714285,128.14285714285714,39.142857142857146,31.714285714285715,62.285714285714285,0.0
30/06/2020,35.285714285714285,13.0,20.0,129.85714285714286,41.142857142857146,33.285714285714285,71.14285714285714,1.0
01/07/2020,34.0,13.428571428571429,20.857142857142858,130.71428571428572,42.285714285714285,32.57142857142857,72.14285714285714,2.0
02/07/2020,32.857142857142854,14.0,21.285714285714285,129.71428571428572,42.57142857142857,33.285714285714285,67.28571428571429,1.0
03/07/2020,29.285714285714285,14.428571428571429,20.857142857142858,125.14285714285714,41.857142857142854,33.285714285714285,74.85714285714286,0.0
04/07/2020,32.0,15.428571428571429,20.285714285714285,123.71428571428571,41.857142857142854,32.857142857142854,73.57142857142857,0.0
05/07/2020,35.857142857142854,15.714285714285714,20.0,122.28571428571429,41.285714285714285,36.57142857142857,78.71428571428571,1.0
06/07/2020,36.142857142857146,15.857142857142858,20.428571428571427,124.42857142857143,42.142857142857146,33.0,83.42857142857143,1.0
07/07/2020,35.142857142857146,16.285714285714285,21.714285714285715,125.42857142857143,42.42857142857143,33.285714285714285,77.14285714285714,0.0
08/07/2020,33.714285714285715,17.0,23.0,123.28571428571429,45.42857142857143,35.42857142857143,74.28571428571429,0.0
09/07/2020,35.42857142857143,18.142857142857142,24.285714285714285,123.71428571428571,50.285714285714285,34.285714285714285,85.42857142857143,2.0
10/07/2020,33.857142857142854,19.142857142857142,27.0,120.42857142857143,55.0,36.42857142857143,76.42857142857143,0.0
11/07/2020,27.142857142857142,19.285714285714285,28.0,115.28571428571429,58.0,31.428571428571427,68.85714285714286,1.0
12/07/2020,22.285714285714285,19.857142857142858,29.714285714285715,112.28571428571429,61.714285714285715,24.142857142857142,61.57142857142857,2.0
13/07/2020,20.285714285714285,19.857142857142858,31.714285714285715,107.0,64.28571428571429,24.571428571428573,54.714285714285715,1.0
14/07/2020,20.428571428571427,20.571428571428573,32.714285714285715,103.14285714285714,65.42857142857143,23.285714285714285,58.285714285714285,0.0
15/07/2020,22.714285714285715,20.428571428571427,33.57142857142857,100.14285714285714,64.57142857142857,24.428571428571427,58.285714285714285,1.0
16/07/2020,19.857142857142858,20.857142857142858,33.57142857142857,96.0,64.0,22.714285714285715,51.0,2.0
17/07/2020,20.285714285714285,20.714285714285715,33.42857142857143,93.57142857142857,64.57142857142857,21.428571428571427,52.857142857142854,0.0
18/07/2020,22.142857142857142,20.571428571428573,34.42857142857143,92.28571428571429,65.42857142857143,21.857142857142858,49.857142857142854,3.0
19/07/2020,23.428571428571427,20.428571428571427,34.42857142857143,90.85714285714286,65.57142857142857,23.571428571428573,50.857142857142854,1.0
20/07/2020,24.285714285714285,20.714285714285715,33.714285714285715,90.57142857142857,66.14285714285714,23.285714285714285,50.857142857142854,1.0
21/07/2020,27.285714285714285,20.571428571428573,32.857142857142854,91.85714285714286,67.42857142857143,24.571428571428573,54.714285714285715,0.0
22/07/2020,27.857142857142858,21.142857142857142,31.285714285714285,93.28571428571429,68.28571428571429,24.857142857142858,58.0,1.0
23/07/2020,30.0,20.857142857142858,31.285714285714285,97.28571428571429,67.85714285714286,24.428571428571427,63.0,3.0
24/07/2020,31.857142857142858,21.428571428571427,30.571428571428573,101.42857142857143,65.0,26.0,67.28571428571429,1.0
25/07/2020,35.0,21.428571428571427,29.142857142857142,105.42857142857143,62.285714285714285,29.428571428571427,82.57142857142857,2.0
26/07/2020,33.57142857142857,21.285714285714285,28.714285714285715,107.28571428571429,59.714285714285715,30.142857142857142,90.0,1.0
27/07/2020,35.285714285714285,21.571428571428573,28.428571428571427,110.57142857142857,57.714285714285715,30.285714285714285,99.71428571428571,1.0
28/07/2020,35.0,21.857142857142858,29.0,111.57142857142857,57.42857142857143,32.285714285714285,101.28571428571429,0.0
29/07/2020,35.714285714285715,22.142857142857142,30.0,112.85714285714286,58.57142857142857,33.0,102.71428571428571,0.0
30/07/2020,35.714285714285715,22.142857142857142,29.142857142857142,111.0,58.0,36.42857142857143,102.14285714285714,1.0
31/07/2020,35.714285714285715,21.714285714285715,28.285714285714285,108.42857142857143,57.857142857142854,37.285714285714285,112.57142857142857,0.0
01/08/2020,32.857142857142854,22.142857142857142,28.0,105.71428571428571,57.42857142857143,34.857142857142854,114.57142857142857,0.0
02/08/2020,32.714285714285715,22.714285714285715,27.571428571428573,104.28571428571429,56.42857142857143,33.57142857142857,109.0,0.0
03/08/2020,31.714285714285715,22.714285714285715,26.714285714285715,100.57142857142857,55.857142857142854,35.142857142857146,109.14285714285714,0.0
04/08/2020,29.714285714285715,22.0,25.714285714285715,96.0,52.857142857142854,33.857142857142854,113.71428571428571,1.0
05/08/2020,27.0,20.714285714285715,24.285714285714285,90.14285714285714,48.857142857142854,32.142857142857146,110.85714285714286,2.0
06/08/2020,24.571428571428573,19.714285714285715,23.428571428571427,85.42857142857143,45.42857142857143,28.714285714285715,114.42857142857143,0.0
07/08/2020,22.0,18.714285714285715,23.428571428571427,81.42857142857143,43.714285714285715,25.285714285714285,102.71428571428571,1.0
08/08/2020,20.857142857142858,17.571428571428573,23.571428571428573,76.42857142857143,42.285714285714285,25.142857142857142,92.57142857142857,0.0
09/08/2020,20.285714285714285,16.428571428571427,23.285714285714285,72.28571428571429,41.142857142857146,23.714285714285715,89.0,0.0
10/08/2020,19.857142857142858,15.285714285714286,23.0,70.14285714285714,38.42857142857143,21.285714285714285,88.14285714285714,0.0
11/08/2020,18.428571428571427,14.428571428571429,22.428571428571427,68.0,36.0,20.142857142857142,83.85714285714286,0.0
12/08/2020,16.857142857142858,13.857142857142858,21.857142857142858,67.14285714285714,34.285714285714285,17.142857142857142,91.0,3.0
13/08/2020,15.714285714285714,13.428571428571429,21.571428571428573,65.71428571428571,33.57142857142857,16.571428571428573,90.0,0.0
14/08/2020,16.0,12.714285714285714,20.428571428571427,64.71428571428571,31.714285714285715,16.285714285714285,96.0,2.0
15/08/2020,15.714285714285714,12.285714285714286,19.571428571428573,62.57142857142857,29.857142857142858,17.142857142857142,92.57142857142857,0.0
16/08/2020,15.857142857142858,11.857142857142858,18.857142857142858,60.285714285714285,27.857142857142858,17.285714285714285,94.85714285714286,1.0
17/08/2020,15.285714285714286,10.714285714285714,18.428571428571427,56.42857142857143,27.142857142857142,18.142857142857142,95.0,0.0
18/08/2020,15.0,10.0,18.285714285714285,54.42857142857143,27.285714285714285,16.0,98.42857142857143,0.0
19/08/2020,16.142857142857142,9.857142857142858,18.714285714285715,52.857142857142854,28.428571428571427,17.142857142857142,101.42857142857143,0.0
20/08/2020,17.142857142857142,9.428571428571429,19.0,52.857142857142854,29.285714285714285,16.571428571428573,93.14285714285714,0.0
21/08/2020,15.428571428571429,9.142857142857142,20.285714285714285,51.857142857142854,30.857142857142858,16.142857142857142,77.57142857142857,0.0
22/08/2020,16.0,8.857142857142858,20.428571428571427,53.142857142857146,31.714285714285715,14.428571428571429,89.28571428571429,0.0
23/08/2020,16.428571428571427,8.571428571428571,20.428571428571427,54.42857142857143,32.714285714285715,14.857142857142858,87.42857142857143,1.0
24/08/2020,16.714285714285715,9.142857142857142,19.857142857142858,55.714285714285715,33.57142857142857,15.142857142857142,88.71428571428571,1.0
25/08/2020,16.0,9.571428571428571,19.285714285714285,55.142857142857146,34.42857142857143,16.142857142857142,90.14285714285714,0.0
26/08/2020,14.857142857142858,9.0,18.714285714285715,53.42857142857143,31.285714285714285,15.857142857142858,81.0,2.0
27/08/2020,13.285714285714286,8.571428571428571,18.428571428571427,50.142857142857146,29.142857142857142,15.714285714285714,81.57142857142857,1.0
28/08/2020,15.857142857142858,8.142857142857142,17.571428571428573,48.0,27.142857142857142,17.142857142857142,90.71428571428571,0.0
29/08/2020,14.428571428571429,7.857142857142857,18.142857142857142,45.285714285714285,27.0,16.285714285714285,78.85714285714286,0.0
30/08/2020,14.714285714285714,8.0,18.428571428571427,43.0,26.0,16.142857142857142,79.71428571428571,1.0
31/08/2020,15.571428571428571,8.0,19.714285714285715,41.42857142857143,24.857142857142858,16.142857142857142,81.14285714285714,2.0
01/09/2020,15.571428571428571,7.857142857142857,21.142857142857142,41.0,23.142857142857142,15.142857142857142,73.0,0.0
02/09/2020,16.0,8.0,22.285714285714285,42.42857142857143,24.571428571428573,13.285714285714286,75.57142857142857,1.0
03/09/2020,17.0,7.714285714285714,22.857142857142858,42.857142857142854,25.428571428571427,15.857142857142858,80.85714285714286,1.0
04/09/2020,15.714285714285714,8.285714285714286,22.285714285714285,43.142857142857146,25.857142857142858,14.714285714285714,80.71428571428571,0.0
05/09/2020,15.571428571428571,8.428571428571429,21.428571428571427,43.285714285714285,24.714285714285715,14.714285714285714,79.14285714285714,0.0
06/09/2020,14.857142857142858,7.571428571428571,20.428571428571427,42.42857142857143,23.285714285714285,15.0,82.28571428571429,1.0
07/09/2020,11.857142857142858,6.857142857142857,19.285714285714285,41.142857142857146,22.0,12.714285714285714,68.0,0.0
08/09/2020,11.714285714285714,6.857142857142857,18.142857142857142,40.714285714285715,21.285714285714285,11.714285714285714,63.857142857142854,0.0
09/09/2020,10.571428571428571,7.142857142857143,17.285714285714285,38.42857142857143,21.571428571428573,13.0,56.42857142857143,1.0
10/09/2020,12.142857142857142,8.428571428571429,17.857142857142858,39.42857142857143,23.285714285714285,10.857142857142858,50.285714285714285,0.0
11/09/2020,12.428571428571429,9.142857142857142,19.285714285714285,40.285714285714285,25.714285714285715,11.285714285714286,52.142857142857146,0.0
12/09/2020,13.428571428571429,9.857142857142858,20.428571428571427,41.57142857142857,28.714285714285715,11.857142857142858,55.714285714285715,0.0
13/09/2020,13.142857142857142,11.285714285714286,22.428571428571427,43.714285714285715,33.0,10.857142857142858,52.42857142857143,0.0
14/09/2020,15.857142857142858,12.714285714285714,23.571428571428573,46.42857142857143,35.285714285714285,13.0,66.28571428571429,0.0
15/09/2020,17.571428571428573,13.142857142857142,25.142857142857142,48.857142857142854,38.42857142857143,15.0,81.28571428571429,0.0
16/09/2020,20.571428571428573,13.714285714285714,26.571428571428573,53.42857142857143,39.285714285714285,16.0,92.85714285714286,0.0
17/09/2020,19.285714285714285,14.0,26.857142857142858,57.0,39.142857142857146,15.714285714285714,96.57142857142857,0.0
18/09/2020,19.428571428571427,14.571428571428571,26.714285714285715,61.285714285714285,36.285714285714285,15.0,92.57142857142857,1.0
19/09/2020,20.857142857142858,14.714285714285714,26.857142857142858,65.0,34.285714285714285,16.857142857142858,91.85714285714286,1.0
20/09/2020,20.857142857142858,14.857142857142858,26.857142857142858,68.14285714285714,32.57142857142857,17.428571428571427,90.14285714285714,0.0
21/09/2020,22.428571428571427,14.571428571428571,26.571428571428573,72.57142857142857,30.285714285714285,17.714285714285715,86.28571428571429,0.0
22/09/2020,21.571428571428573,14.571428571428571,25.571428571428573,75.85714285714286,26.857142857142858,18.0,81.28571428571429,0.0
23/09/2020,18.428571428571427,14.571428571428571,24.142857142857142,77.14285714285714,25.142857142857142,16.857142857142858,83.14285714285714,0.0
24/09/2020,20.0,14.857142857142858,22.428571428571427,78.71428571428571,24.142857142857142,18.142857142857142,94.57142857142857,0.0
25/09/2020,20.571428571428573,14.142857142857142,21.714285714285715,80.0,25.142857142857142,18.857142857142858,99.57142857142857,2.0
26/09/2020,21.285714285714285,13.714285714285714,21.428571428571427,81.71428571428571,25.571428571428573,19.0,104.71428571428571,2.0
27/09/2020,21.571428571428573,13.428571428571429,20.857142857142858,83.85714285714286,25.0,18.857142857142858,106.71428571428571,0.0
28/09/2020,21.714285714285715,13.428571428571429,21.285714285714285,84.85714285714286,26.0,20.0,105.71428571428571,1.0
29/09/2020,20.857142857142858,13.285714285714286,21.714285714285715,87.0,27.142857142857142,18.0,103.0,0.0
30/09/2020,22.142857142857142,12.857142857142858,22.0,90.14285714285714,26.714285714285715,18.142857142857142,103.0,0.0
01/10/2020,21.428571428571427,12.142857142857142,22.857142857142858,93.85714285714286,25.285714285714285,17.0,93.0,1.0
02/10/2020,19.0,12.857142857142858,22.571428571428573,93.42857142857143,24.0,18.714285714285715,91.14285714285714,1.0
03/10/2020,15.857142857142858,13.0,22.428571428571427,90.57142857142857,22.857142857142858,18.142857142857142,83.71428571428571,1.0
04/10/2020,15.571428571428571,12.857142857142858,22.0,87.42857142857143,23.428571428571427,18.0,81.85714285714286,1.0
05/10/2020,13.142857142857142,13.0,21.0,81.71428571428571,24.857142857142858,18.285714285714285,88.85714285714286,0.0
06/10/2020,15.285714285714286,13.142857142857142,20.285714285714285,77.42857142857143,26.428571428571427,19.0,90.0,0.0
07/10/2020,19.142857142857142,13.285714285714286,19.285714285714285,76.0,28.0,20.142857142857142,84.28571428571429,0.0
08/10/2020,16.857142857142858,13.0,18.571428571428573,71.85714285714286,30.142857142857142,20.285714285714285,83.71428571428571,1.0
09/10/2020,18.0,12.428571428571429,19.0,69.28571428571429,31.428571428571427,20.142857142857142,84.28571428571429,0.0
10/10/2020,19.857142857142858,12.142857142857142,18.714285714285715,69.42857142857143,31.857142857142858,19.428571428571427,90.42857142857143,0.0
11/10/2020,20.0,12.142857142857142,18.857142857142858,69.14285714285714,31.714285714285715,20.142857142857142,90.85714285714286,0.0
12/10/2020,18.0,12.142857142857142,19.571428571428573,69.85714285714286,31.428571428571427,17.142857142857142,74.85714285714286,0.0
13/10/2020,17.714285714285715,12.142857142857142,19.0,68.42857142857143,30.285714285714285,19.0,70.71428571428571,0.0
14/10/2020,14.714285714285714,12.571428571428571,20.0,65.14285714285714,31.285714285714285,17.857142857142858,76.42857142857143,0.0
15/10/2020,14.714285714285714,13.142857142857142,20.0,60.42857142857143,33.0,19.428571428571427,65.57142857142857,0.0
16/10/2020,13.714285714285714,12.857142857142858,19.857142857142858,57.142857142857146,36.142857142857146,23.142857142857142,58.285714285714285,2.0
17/10/2020,15.571428571428571,12.714285714285714,19.0,56.857142857142854,39.142857142857146,15.142857142857142,86.0,2.0
18/10/2020,15.428571428571429,12.428571428571429,18.714285714285715,56.857142857142854,42.42857142857143,14.857142857142858,85.42857142857143,0.0
19/10/2020,18.571428571428573,12.0,18.571428571428573,61.0,48.57142857142857,13.428571428571429,117.14285714285714,0.0
20/10/2020,15.714285714285714,11.857142857142858,18.571428571428573,65.0,52.714285714285715,11.142857142857142,154.0,0.0
21/10/2020,15.285714285714286,11.0,17.857142857142858,67.57142857142857,62.857142857142854,12.142857142857142,152.57142857142858,0.0
22/10/2020,16.428571428571427,10.428571428571429,17.857142857142858,71.42857142857143,74.71428571428571,12.0,163.28571428571428,0.0
23/10/2020,14.714285714285714,10.142857142857142,17.571428571428573,75.57142857142857,85.71428571428571,3.857142857142857,157.28571428571428,0.0
24/10/2020,19.0,10.428571428571429,16.857142857142858,79.71428571428571,90.42857142857143,14.857142857142858,144.28571428571428,1.0
25/10/2020,19.0,10.571428571428571,15.714285714285714,84.71428571428571,94.57142857142857,13.857142857142858,144.28571428571428,0.0
26/10/2020,22.0,10.428571428571429,14.857142857142858,88.14285714285714,90.85714285714286,18.428571428571427,141.14285714285714,1.0
27/10/2020,23.571428571428573,10.142857142857142,14.714285714285714,89.14285714285714,97.14285714285714,21.857142857142858,110.71428571428571,1.0
28/10/2020,21.285714285714285,9.857142857142858,14.0,89.28571428571429,95.85714285714286,20.285714285714285,92.28571428571429,0.0
29/10/2020,21.571428571428573,9.285714285714286,13.857142857142858,90.42857142857143,89.57142857142857,19.571428571428573,97.28571428571429,0.0
30/10/2020,24.285714285714285,8.857142857142858,13.285714285714286,90.28571428571429,78.85714285714286,23.571428571428573,109.0,0.0
31/10/2020,20.285714285714285,8.285714285714286,13.857142857142858,83.42857142857143,85.42857142857143,26.428571428571427,101.0,0.0
01/11/2020,23.714285714285715,7.714285714285714,14.857142857142858,76.85714285714286,92.14285714285714,29.571428571428573,105.85714285714286,0.0
02/11/2020,21.0,7.571428571428571,15.428571428571429,68.71428571428571,104.14285714285714,28.857142857142858,80.57142857142857,0.0
03/11/2020,20.857142857142858,8.857142857142858,15.714285714285714,63.0,107.85714285714286,26.428571428571427,77.14285714285714,0.0
04/11/2020,22.571428571428573,9.142857142857142,16.142857142857142,58.142857142857146,113.42857142857143,27.285714285714285,88.85714285714286,1.0
05/11/2020,21.857142857142858,10.714285714285714,15.714285714285714,52.285714285714285,124.14285714285714,27.571428571428573,85.14285714285714,0.0
06/11/2020,20.142857142857142,11.0,15.285714285714286,47.285714285714285,142.14285714285714,25.0,90.0,0.0
07/11/2020,17.428571428571427,11.0,14.142857142857142,45.42857142857143,149.85714285714286,19.0,91.14285714285714,1.0
08/11/2020,14.0,11.857142857142858,12.571428571428571,41.714285714285715,157.42857142857142,17.285714285714285,90.57142857142857,1.0
09/11/2020,12.428571428571429,11.428571428571429,12.0,39.0,179.14285714285714,14.714285714285714,105.42857142857143,0.0
10/11/2020,13.142857142857142,9.714285714285714,12.571428571428571,36.714285714285715,200.0,14.857142857142858,107.14285714285714,1.0
11/11/2020,14.285714285714286,9.428571428571429,13.142857142857142,34.857142857142854,221.0,15.714285714285714,110.0,0.0
12/11/2020,14.857142857142858,8.142857142857142,14.0,34.42857142857143,246.85714285714286,14.857142857142858,104.42857142857143,0.0
13/11/2020,17.142857142857142,7.857142857142857,15.142857142857142,33.57142857142857,271.14285714285717,17.571428571428573,101.28571428571429,0.0
14/11/2020,15.428571428571429,7.714285714285714,16.857142857142858,33.142857142857146,295.0,15.571428571428571,82.0,0.0
15/11/2020,19.0,6.571428571428571,18.428571428571427,33.285714285714285,308.7142857142857,18.714285714285715,93.28571428571429,0.0
16/11/2020,22.571428571428573,6.571428571428571,18.428571428571427,35.285714285714285,298.57142857142856,20.428571428571427,101.14285714285714,0.0
17/11/2020,21.857142857142858,6.714285714285714,17.142857142857142,37.42857142857143,281.85714285714283,19.714285714285715,119.57142857142857,0.0
18/11/2020,21.428571428571427,6.714285714285714,16.0,39.285714285714285,269.0,19.428571428571427,113.85714285714286,0.0
19/11/2020,21.0,6.714285714285714,14.285714285714286,41.285714285714285,252.0,18.857142857142858,116.71428571428571,0.0
20/11/2020,20.428571428571427,6.428571428571429,12.714285714285714,42.285714285714285,228.57142857142858,19.0,123.57142857142857,3.0
21/11/2020,21.0,6.0,11.714285714285714,42.57142857142857,201.85714285714286,20.142857142857142,133.14285714285714,0.0
22/11/2020,17.571428571428573,5.714285714285714,11.714285714285714,43.0,186.0,16.428571428571427,122.42857142857143,1.0
23/11/2020,16.714285714285715,5.571428571428571,12.142857142857142,42.42857142857143,171.0,16.285714285714285,119.14285714285714,2.0
24/11/2020,14.857142857142858,5.428571428571429,12.571428571428571,41.142857142857146,180.28571428571428,15.142857142857142,109.42857142857143,0.0
25/11/2020,14.285714285714286,5.285714285714286,13.142857142857142,39.142857142857146,193.42857142857142,15.428571428571429,111.42857142857143,0.0
26/11/2020,14.857142857142858,4.857142857142857,14.0,36.714285714285715,204.71428571428572,16.428571428571427,113.28571428571429,0.0
27/11/2020,18.142857142857142,4.714285714285714,15.0,38.142857142857146,207.0,16.0,142.28571428571428,1.0
28/11/2020,22.428571428571427,4.857142857142857,15.0,38.857142857142854,213.28571428571428,21.142857142857142,140.57142857142858,0.0
29/11/2020,23.571428571428573,5.285714285714286,14.285714285714286,40.42857142857143,219.0,21.571428571428573,137.57142857142858,0.0
30/11/2020,23.285714285714285,5.571428571428571,13.714285714285714,40.285714285714285,235.14285714285714,23.285714285714285,131.28571428571428,0.0
01/12/2020,26.857142857142858,5.285714285714286,13.714285714285714,43.57142857142857,230.0,23.428571428571427,138.28571428571428,0.0
02/12/2020,26.428571428571427,5.142857142857143,14.714285714285714,46.857142857142854,226.85714285714286,23.0,161.28571428571428,0.0
03/12/2020,27.142857142857142,4.857142857142857,16.142857142857142,49.42857142857143,230.14285714285714,24.428571428571427,156.0,0.0
04/12/2020,27.428571428571427,5.0,17.571428571428573,53.57142857142857,245.85714285714286,23.285714285714285,130.14285714285714,0.0
05/12/2020,28.142857142857142,5.0,18.571428571428573,55.857142857142854,251.42857142857142,25.857142857142858,136.42857142857142,0.0
06/12/2020,30.0,4.571428571428571,18.857142857142858,56.714285714285715,253.42857142857142,29.142857142857142,148.0,0.0
07/12/2020,28.571428571428573,4.428571428571429,19.142857142857142,56.42857142857143,254.57142857142858,28.857142857142858,134.28571428571428,0.0
08/12/2020,28.0,4.714285714285714,19.142857142857142,53.714285714285715,253.71428571428572,30.714285714285715,107.85714285714286,0.0
09/12/2020,28.571428571428573,5.142857142857143,18.571428571428573,52.142857142857146,254.28571428571428,30.142857142857142,88.42857142857143,0.0
10/12/2020,31.0,6.142857142857143,18.0,52.57142857142857,238.57142857142858,30.571428571428573,102.0,0.0
11/12/2020,30.285714285714285,6.857142857142857,17.0,50.42857142857143,238.57142857142858,32.285714285714285,89.57142857142857,1.0
12/12/2020,24.714285714285715,7.571428571428571,16.857142857142858,51.57142857142857,248.0,23.428571428571427,75.42857142857143,0.0
13/12/2020,22.285714285714285,8.428571428571429,17.428571428571427,49.42857142857143,261.0,24.285714285714285,64.28571428571429,0.0
14/12/2020,19.428571428571427,9.0,18.0,49.142857142857146,273.0,19.571428571428573,61.42857142857143,0.0
15/12/2020,21.714285714285715,9.142857142857142,19.0,48.42857142857143,311.2857142857143,22.142857142857142,74.85714285714286,1.0
16/12/2020,23.571428571428573,9.142857142857142,18.714285714285715,47.285714285714285,334.7142857142857,24.428571428571427,76.71428571428571,0.0
17/12/2020,26.857142857142858,8.857142857142858,17.857142857142858,45.42857142857143,366.85714285714283,28.428571428571427,67.57142857142857,0.0
18/12/2020,30.142857142857142,8.857142857142858,17.428571428571427,42.57142857142857,390.57142857142856,32.857142857142854,71.0,0.0
19/12/2020,30.142857142857142,8.857142857142858,17.0,39.714285714285715,414.2857142857143,32.857142857142854,71.0,0.0
20/12/2020,33.285714285714285,8.857142857142858,16.714285714285715,39.42857142857143,426.7142857142857,33.0,90.57142857142857,0.0
21/12/2020,40.42857142857143,8.857142857142858,17.0,44.0,440.57142857142856,35.57142857142857,114.57142857142857,2.0
22/12/2020,39.0,9.142857142857142,16.428571428571427,47.57142857142857,437.57142857142856,35.0,109.85714285714286,0.0
23/12/2020,34.142857142857146,9.285714285714286,16.571428571428573,50.857142857142854,436.14285714285717,30.428571428571427,91.14285714285714,0.0
24/12/2020,40.42857142857143,9.571428571428571,16.571428571428573,55.0,430.57142857142856,35.714285714285715,117.71428571428571,1.0
25/12/2020,31.571428571428573,9.571428571428571,16.428571428571427,59.142857142857146,419.42857142857144,26.857142857142858,103.28571428571429,0.0
26/12/2020,32.857142857142854,9.428571428571429,16.0,60.285714285714285,407.85714285714283,30.857142857142858,104.71428571428571,2.0
27/12/2020,29.142857142857142,9.428571428571429,15.142857142857142,63.714285714285715,407.42857142857144,25.571428571428573,83.0,0.0
28/12/2020,33.142857142857146,9.428571428571429,13.714285714285714,64.14285714285714,398.42857142857144,32.0,93.28571428571429,0.0
29/12/2020,35.0,9.571428571428571,13.285714285714286,65.71428571428571,394.57142857142856,33.0,96.71428571428571,0.0
30/12/2020,41.142857142857146,10.0,13.285714285714286,67.57142857142857,394.0,38.57142857142857,111.57142857142857,2.0
31/12/2020,28.571428571428573,10.428571428571429,14.0,66.14285714285714,397.2857142857143,29.428571428571427,75.42857142857143,0.0
01/01/2021,28.571428571428573,10.857142857142858,14.714285714285714,64.71428571428571,400.57142857142856,29.428571428571427,75.42857142857143,0.0
02/01/2021,27.285714285714285,11.428571428571429,15.714285714285714,66.28571428571429,404.2857142857143,25.428571428571427,74.0,0.0
03/01/2021,27.142857142857142,11.857142857142858,16.857142857142858,67.71428571428571,408.0,25.142857142857142,73.85714285714286,0.0
04/01/2021,22.714285714285715,12.285714285714286,17.714285714285715,65.85714285714286,443.14285714285717,24.0,51.142857142857146,2.0
05/01/2021,25.571428571428573,13.142857142857142,18.714285714285715,66.0,459.14285714285717,24.857142857142858,71.14285714285714,0.0
06/01/2021,35.857142857142854,13.428571428571429,18.571428571428573,66.0,472.85714285714283,35.0,103.71428571428571,3.0
07/01/2021,44.714285714285715,13.142857142857142,18.714285714285715,72.28571428571429,488.14285714285717,37.42857142857143,117.71428571428571,2.0
08/01/2021,56.857142857142854,12.714285714285714,19.571428571428573,86.0,497.57142857142856,41.57142857142857,145.28571428571428,4.0
09/01/2021,62.857142857142854,12.285714285714286,20.857142857142858,95.71428571428571,503.7142857142857,51.57142857142857,160.14285714285714,0.0
10/01/2021,64.71428571428571,12.142857142857142,22.0,101.85714285714286,509.85714285714283,57.0,162.0,0.0
11/01/2021,65.28571428571429,11.857142857142858,23.0,111.0,505.0,54.857142857142854,165.71428571428572,0.0
12/01/2021,75.71428571428571,11.142857142857142,22.714285714285715,122.57142857142857,502.2857142857143,62.57142857142857,166.0,2.0
13/01/2021,68.28571428571429,10.714285714285714,23.571428571428573,131.28571428571428,513.7142857142857,58.42857142857143,138.71428571428572,1.0
14/01/2021,61.714285714285715,11.0,24.571428571428573,136.14285714285714,527.7142857142857,55.714285714285715,140.28571428571428,1.0
15/01/2021,59.42857142857143,11.571428571428571,25.142857142857142,138.14285714285714,550.8571428571429,56.857142857142854,136.57142857142858,0.0
16/01/2021,60.714285714285715,12.142857142857142,26.285714285714285,131.0,561.2857142857143,67.28571428571429,143.14285714285714,0.0
17/01/2021,64.57142857142857,12.285714285714286,29.285714285714285,126.14285714285714,566.4285714285714,68.71428571428571,147.14285714285714,1.0
18/01/2021,74.42857142857143,12.714285714285714,31.142857142857142,124.71428571428571,548.4285714285714,75.0,161.71428571428572,0.0
19/01/2021,68.42857142857143,13.142857142857142,33.857142857142854,120.57142857142857,553.1428571428571,71.85714285714286,148.42857142857142,1.0
20/01/2021,75.14285714285714,13.571428571428571,36.0,119.85714285714286,541.5714285714286,75.28571428571429,154.71428571428572,0.0
21/01/2021,75.71428571428571,13.714285714285714,37.857142857142854,116.14285714285714,523.8571428571429,79.0,148.85714285714286,0.0
22/01/2021,75.42857142857143,14.0,39.57142857142857,110.28571428571429,506.2857142857143,80.85714285714286,144.0,0.0
23/01/2021,75.14285714285714,14.285714285714286,39.285714285714285,116.71428571428571,489.85714285714283,67.85714285714286,141.14285714285714,0.0
24/01/2021,70.42857142857143,14.714285714285714,37.857142857142854,123.0,478.42857142857144,63.42857142857143,136.28571428571428,3.0
25/01/2021,63.857142857142854,14.857142857142858,37.714285714285715,124.28571428571429,482.42857142857144,61.857142857142854,124.71428571428571,1.0
26/01/2021,67.71428571428571,15.0,37.857142857142854,125.14285714285714,468.0,66.28571428571429,131.57142857142858,0.0
27/01/2021,66.71428571428571,15.571428571428571,38.0,131.85714285714286,462.2857142857143,59.142857142857146,125.57142857142857,2.0
28/01/2021,69.85714285714286,15.857142857142858,37.285714285714285,142.85714285714286,454.2857142857143,58.0,133.14285714285714,0.0
29/01/2021,72.14285714285714,15.571428571428571,36.142857142857146,142.71428571428572,441.7142857142857,71.0,161.0,3.0
30/01/2021,80.42857142857143,15.142857142857142,35.285714285714285,146.28571428571428,381.14285714285717,75.85714285714286,169.0,1.0
31/01/2021,85.0,14.428571428571429,32.857142857142854,146.14285714285714,360.0,83.85714285714286,173.57142857142858,2.0
01/02/2021,88.71428571428571,14.0,32.714285714285715,149.28571428571428,340.14285714285717,84.42857142857143,181.57142857142858,0.0
02/02/2021,85.0,13.857142857142858,33.0,150.85714285714286,327.42857142857144,82.14285714285714,194.28571428571428,1.0
03/02/2021,75.71428571428571,13.571428571428571,34.714285714285715,145.57142857142858,310.14285714285717,79.85714285714286,208.0,1.0
04/02/2021,76.28571428571429,13.428571428571429,36.285714285714285,139.71428571428572,297.14285714285717,80.71428571428571,206.85714285714286,2.0
05/02/2021,80.57142857142857,13.571428571428571,37.714285714285715,146.0,284.14285714285717,73.14285714285714,180.28571428571428,0.0
06/02/2021,72.0,14.0,38.0,148.14285714285714,325.42857142857144,68.85714285714286,165.71428571428572,0.0
07/02/2021,68.42857142857143,14.714285714285714,39.857142857142854,150.28571428571428,327.57142857142856,65.57142857142857,162.14285714285714,0.0
08/02/2021,60.0,15.428571428571429,40.142857142857146,150.71428571428572,332.85714285714283,58.285714285714285,157.28571428571428,4.0
09/02/2021,52.285714285714285,15.714285714285714,40.142857142857146,155.0,339.2857142857143,46.714285714285715,130.14285714285714,0.0
10/02/2021,54.285714285714285,16.0,38.285714285714285,151.71428571428572,347.57142857142856,56.142857142857146,115.57142857142857,2.0
11/02/2021,48.857142857142854,16.285714285714285,37.142857142857146,145.42857142857142,360.0,53.857142857142854,119.57142857142857,1.0
12/02/2021,43.42857142857143,16.571428571428573,36.0,132.42857142857142,378.57142857142856,55.0,133.0,2.0
13/02/2021,47.57142857142857,17.142857142857142,36.142857142857146,125.28571428571429,391.57142857142856,53.0,142.28571428571428,2.0
14/02/2021,45.714285714285715,17.714285714285715,34.857142857142854,118.85714285714286,404.57142857142856,50.285714285714285,140.42857142857142,1.0
15/02/2021,47.285714285714285,18.714285714285715,31.428571428571427,112.42857142857143,419.85714285714283,52.285714285714285,136.28571428571428,1.0
16/02/2021,47.285714285714285,19.285714285714285,27.142857142857142,112.57142857142857,428.2857142857143,45.0,141.42857142857142,5.0
17/02/2021,54.714285714285715,19.714285714285715,23.714285714285715,112.14285714285714,423.14285714285717,53.0,164.71428571428572,2.0
18/02/2021,63.714285714285715,20.857142857142858,21.571428571428573,122.0,404.0,51.714285714285715,171.28571428571428,1.0
19/02/2021,57.714285714285715,22.0,20.0,132.14285714285714,386.2857142857143,45.57142857142857,146.71428571428572,1.0
20/02/2021,50.57142857142857,22.857142857142858,18.714285714285715,137.85714285714286,375.85714285714283,42.857142857142854,137.0,2.0
21/02/2021,51.285714285714285,22.571428571428573,18.857142857142858,145.28571428571428,365.7142857142857,41.857142857142854,137.71428571428572,1.0
22/02/2021,52.42857142857143,22.714285714285715,20.857142857142858,154.57142857142858,338.7142857142857,41.0,140.71428571428572,2.0
23/02/2021,58.57142857142857,23.285714285714285,23.428571428571427,177.71428571428572,323.2857142857143,61.42857142857143,147.85714285714286,0.0
24/02/2021,59.714285714285715,24.0,26.571428571428573,180.71428571428572,329.0,55.142857142857146,121.0,3.0
25/02/2021,46.285714285714285,24.0,28.285714285714285,174.57142857142858,344.14285714285717,51.0,89.0,0.0
26/02/2021,41.57142857142857,24.0,29.857142857142858,171.42857142857142,352.85714285714283,43.42857142857143,79.85714285714286,0.0
27/02/2021,37.857142857142854,23.857142857142858,31.714285714285715,168.14285714285714,368.42857142857144,40.142857142857146,68.28571428571429,0.0
28/02/2021,37.0,24.857142857142858,33.0,167.57142857142858,383.7142857142857,36.714285714285715,67.42857142857143,0.0
01/03/2021,60.57142857142857,25.714285714285715,33.714285714285715,156.14285714285714,415.7142857142857,70.57142857142857,79.28571428571429,5.0
02/03/2021,56.0,26.142857142857142,35.142857142857146,122.14285714285714,433.7142857142857,61.0,56.0,2.0
03/03/2021,55.0,26.857142857142858,36.57142857142857,118.57142857142857,439.85714285714283,57.42857142857143,55.0,0.0
04/03/2021,81.57142857142857,27.714285714285715,37.42857142857143,113.85714285714286,444.2857142857143,84.71428571428571,81.57142857142857,3.0
05/03/2021,100.28571428571429,28.857142857142858,38.285714285714285,112.0,452.0,100.42857142857143,100.28571428571429,1.0
06/03/2021,110.71428571428571,30.142857142857142,39.142857142857146,111.14285714285714,451.2857142857143,109.71428571428571,110.71428571428571,1.0
07/03/2021,114.85714285714286,30.571428571428573,39.857142857142854,106.71428571428571,450.42857142857144,117.0,114.85714285714286,2.0
08/03/2021,94.14285714285714,30.0,41.0,110.85714285714286,453.0,88.14285714285714,94.14285714285714,2.0
09/03/2021,102.71428571428571,30.0,42.285714285714285,114.42857142857143,452.85714285714283,97.42857142857143,102.71428571428571,1.0
10/03/2021,106.57142857142857,30.0,42.42857142857143,121.57142857142857,457.42857142857144,97.57142857142857,106.57142857142857,1.0
11/03/2021,94.57142857142857,30.285714285714285,43.285714285714285,137.57142857142858,466.42857142857144,76.85714285714286,94.57142857142857,2.0
12/03/2021,90.71428571428571,30.571428571428573,43.142857142857146,149.71428571428572,466.0,75.85714285714286,90.71428571428571,8.0
13/03/2021,87.0,31.142857142857142,42.714285714285715,161.0,458.0,73.0,87.0,1.0
14/03/2021,83.42857142857143,31.857142857142858,42.57142857142857,179.85714285714286,450.14285714285717,61.714285714285715,83.42857142857143,4.0
15/03/2021,85.28571428571429,33.42857142857143,43.0,186.28571428571428,431.85714285714283,76.14285714285714,85.28571428571429,2.0
16/03/2021,75.42857142857143,35.285714285714285,43.42857142857143,188.57142857142858,425.85714285714283,70.28571428571429,75.42857142857143,2.0
17/03/2021,64.0,36.42857142857143,44.857142857142854,182.42857142857142,428.0,66.71428571428571,64.0,5.0
18/03/2021,61.857142857142854,37.285714285714285,47.42857142857143,171.0,420.7142857142857,70.0,61.857142857142854,1.0
19/03/2021,58.285714285714285,38.285714285714285,50.57142857142857,162.28571428571428,431.0,64.71428571428571,314.85714285714283,1.0
20/03/2021,61.857142857142854,38.57142857142857,54.57142857142857,152.85714285714286,440.85714285714283,69.14285714285714,318.42857142857144,0.0
21/03/2021,62.42857142857143,39.57142857142857,57.57142857142857,139.85714285714286,451.14285714285717,74.28571428571429,319.0,5.0
22/03/2021,59.857142857142854,39.714285714285715,60.714285714285715,134.28571428571428,447.0,62.857142857142854,316.42857142857144,4.0
23/03/2021,61.285714285714285,39.57142857142857,62.57142857142857,134.57142857142858,470.0,58.0,317.85714285714283,4.0
24/03/2021,71.71428571428571,39.57142857142857,63.0,141.57142857142858,471.42857142857144,61.857142857142854,328.2857142857143,3.0
25/03/2021,78.28571428571429,39.42857142857143,62.57142857142857,145.85714285714286,483.7142857142857,70.0,334.85714285714283,9.0
26/03/2021,78.0,38.57142857142857,62.285714285714285,147.14285714285714,497.0,72.42857142857143,78.0,3.0
27/03/2021,75.14285714285714,38.42857142857143,61.285714285714285,146.71428571428572,518.5714285714286,70.71428571428571,75.14285714285714,4.0
28/03/2021,75.42857142857143,38.285714285714285,61.42857142857143,146.57142857142858,539.4285714285714,70.85714285714286,75.42857142857143,2.0
29/03/2021,75.14285714285714,39.142857142857146,60.42857142857143,148.42857142857142,563.8571428571429,69.0,75.14285714285714,3.0
30/03/2021,75.0,39.285714285714285,59.57142857142857,152.28571428571428,576.7142857142857,74.42857142857143,75.0,7.0
31/03/2021,72.14285714285714,40.142857142857146,58.714285714285715,148.71428571428572,591.5714285714286,71.57142857142857,72.14285714285714,1.0
01/04/2021,58.42857142857143,40.857142857142854,58.285714285714285,149.14285714285714,602.0,54.285714285714285,58.42857142857143,4.0
02/04/2021,51.42857142857143,42.0,55.714285714285715,151.0,600.1428571428571,45.857142857142854,51.42857142857143,3.0
03/04/2021,51.714285714285715,42.857142857142854,54.0,147.28571428571428,594.4285714285714,52.0,51.714285714285715,1.0
04/04/2021,50.285714285714285,43.714285714285715,52.0,142.85714285714286,589.0,50.714285714285715,50.285714285714285,0.0
05/04/2021,44.42857142857143,43.57142857142857,51.142857142857146,136.57142857142858,589.5714285714286,47.0,44.42857142857143,7.0
06/04/2021,48.857142857142854,44.142857142857146,50.714285714285715,126.71428571428571,577.2857142857143,47.857142857142854,48.857142857142854,2.0
07/04/2021,35.857142857142854,44.57142857142857,50.285714285714285,122.57142857142857,488.7142857142857,57.714285714285715,56.857142857142854,3.0
08/04/2021,37.285714285714285,44.285714285714285,48.42857142857143,115.28571428571429,489.14285714285717,62.42857142857143,58.285714285714285,5.0
09/04/2021,47.142857142857146,44.285714285714285,48.57142857142857,111.57142857142857,478.0,68.42857142857143,68.14285714285714,5.0
10/04/2021,48.142857142857146,44.0,47.142857142857146,114.0,464.57142857142856,63.42857142857143,69.14285714285714,1.0
11/04/2021,49.42857142857143,43.42857142857143,45.714285714285715,115.14285714285714,449.85714285714283,65.57142857142857,70.42857142857143,3.0
12/04/2021,50.714285714285715,43.857142857142854,44.285714285714285,118.71428571428571,417.2857142857143,65.0,431.7142857142857,2.0
13/04/2021,50.0,44.714285714285715,41.0,121.14285714285714,382.2857142857143,65.42857142857143,431.0,2.0
14/04/2021,59.142857142857146,45.0,38.0,127.57142857142857,424.57142857142856,49.285714285714285,419.14285714285717,4.0
15/04/2021,55.0,45.714285714285715,36.142857142857146,132.0,380.0,47.57142857142857,415.0,2.0
16/04/2021,51.42857142857143,45.857142857142854,35.285714285714285,132.85714285714286,337.14285714285717,47.857142857142854,411.42857142857144,1.0
17/04/2021,47.857142857142854,46.0,35.42857142857143,134.85714285714286,308.57142857142856,42.857142857142854,407.85714285714283,3.0
18/04/2021,47.142857142857146,46.42857142857143,35.714285714285715,138.28571428571428,281.2857142857143,41.0,407.14285714285717,1.0
19/04/2021,50.57142857142857,46.285714285714285,35.714285714285715,144.57142857142858,260.0,41.57142857142857,50.57142857142857,3.0
20/04/2021,49.714285714285715,45.857142857142854,37.142857142857146,150.28571428571428,249.14285714285714,41.57142857142857,49.714285714285715,0.0
21/04/2021,42.0,45.142857142857146,39.285714285714285,149.14285714285714,231.28571428571428,41.285714285714285,42.0,1.0
22/04/2021,45.57142857142857,44.57142857142857,41.42857142857143,153.0,209.28571428571428,39.714285714285715,45.57142857142857,1.0
23/04/2021,44.285714285714285,44.714285714285715,42.57142857142857,154.71428571428572,200.85714285714286,41.0,44.285714285714285,0.0
24/04/2021,42.714285714285715,45.0,43.857142857142854,152.14285714285714,191.14285714285714,43.57142857142857,42.714285714285715,4.0
25/04/2021,42.57142857142857,45.0,45.0,149.28571428571428,181.42857142857142,43.57142857142857,42.57142857142857,2.0
26/04/2021,45.0,44.57142857142857,45.714285714285715,147.14285714285714,177.85714285714286,45.285714285714285,45.0,3.0
27/04/2021,47.714285714285715,44.42857142857143,46.714285714285715,151.14285714285714,167.14285714285714,41.857142857142854,47.714285714285715,0.0
28/04/2021,53.0,44.57142857142857,47.285714285714285,156.85714285714286,171.57142857142858,45.142857142857146,53.0,3.0
29/04/2021,50.57142857142857,44.857142857142854,46.0,156.28571428571428,183.71428571428572,49.142857142857146,50.57142857142857,1.0
30/04/2021,44.285714285714285,44.857142857142854,45.42857142857143,155.71428571428572,200.14285714285714,42.57142857142857,44.285714285714285,2.0
01/05/2021,40.714285714285715,44.857142857142854,44.57142857142857,160.0,217.85714285714286,34.714285714285715,40.714285714285715,0.0
02/05/2021,40.285714285714285,45.142857142857146,43.714285714285715,164.42857142857142,235.57142857142858,34.42857142857143,40.285714285714285,0.0
03/05/2021,32.42857142857143,44.142857142857146,42.285714285714285,158.0,260.14285714285717,35.714285714285715,32.42857142857143,14.0
04/05/2021,30.0,43.857142857142854,40.142857142857146,149.28571428571428,283.14285714285717,35.42857142857143,30.0,1.0
05/05/2021,28.142857142857142,43.142857142857146,38.0,141.57142857142858,302.14285714285717,32.285714285714285,28.142857142857142,5.0
06/05/2021,28.857142857142858,43.142857142857146,37.57142857142857,137.71428571428572,300.7142857142857,29.0,28.857142857142858,3.0
07/05/2021,37.714285714285715,42.57142857142857,37.42857142857143,134.85714285714286,290.85714285714283,36.857142857142854,37.714285714285715,2.0
08/05/2021,43.142857142857146,42.0,36.857142857142854,132.14285714285714,278.14285714285717,42.142857142857146,43.142857142857146,0.0
09/05/2021,45.57142857142857,41.42857142857143,36.57142857142857,131.14285714285714,265.7142857142857,42.285714285714285,45.57142857142857,0.0
10/05/2021,51.714285714285715,42.285714285714285,37.0,136.42857142857142,235.28571428571428,44.714285714285715,51.714285714285715,1.0
11/05/2021,47.857142857142854,42.0,37.0,137.57142857142858,206.14285714285714,44.142857142857146,47.857142857142854,6.0
12/05/2021,47.0,42.285714285714285,36.857142857142854,138.28571428571428,187.14285714285714,40.0,47.0,0.0
13/05/2021,61.142857142857146,42.285714285714285,35.857142857142854,145.0,192.71428571428572,53.0,61.142857142857146,0.0
14/05/2021,66.71428571428571,41.857142857142854,35.857142857142854,159.28571428571428,206.57142857142858,50.714285714285715,66.71428571428571,4.0
15/05/2021,63.285714285714285,41.42857142857143,37.142857142857146,171.0,223.0,49.42857142857143,63.285714285714285,2.0
16/05/2021,62.142857142857146,41.142857142857146,38.142857142857146,181.57142857142858,239.28571428571428,50.0,466.14285714285717,0.0
17/05/2021,69.28571428571429,40.714285714285715,40.0,197.42857142857142,256.85714285714283,51.285714285714285,473.2857142857143,1.0
18/05/2021,69.42857142857143,40.0,42.714285714285715,213.14285714285714,277.85714285714283,52.142857142857146,473.42857142857144,2.0
19/05/2021,81.14285714285714,39.285714285714285,45.42857142857143,233.0,297.7142857142857,64.0,485.14285714285717,1.0
20/05/2021,86.14285714285714,38.42857142857143,49.0,253.42857142857142,320.85714285714283,63.57142857142857,490.14285714285717,2.0
21/05/2021,86.71428571428571,38.714285714285715,50.42857142857143,268.57142857142856,334.2857142857143,69.57142857142857,490.7142857142857,2.0
22/05/2021,96.85714285714286,39.0,52.0,284.57142857142856,328.14285714285717,78.71428571428571,500.85714285714283,2.0
23/05/2021,96.28571428571429,39.0,54.142857142857146,300.14285714285717,322.42857142857144,78.0,96.28571428571429,3.0
24/05/2021,88.0,39.285714285714285,55.0,299.7142857142857,335.0,85.42857142857143,88.0,3.0
25/05/2021,93.71428571428571,40.285714285714285,56.42857142857143,299.2857142857143,346.7142857142857,91.42857142857143,93.71428571428571,1.0
26/05/2021,83.0,41.857142857142854,57.142857142857146,289.85714285714283,359.2857142857143,89.42857142857143,83.0,3.0
27/05/2021,73.14285714285714,43.285714285714285,57.142857142857146,273.7142857142857,346.57142857142856,86.42857142857143,73.14285714285714,2.0
28/05/2021,67.14285714285714,43.857142857142854,59.714285714285715,253.14285714285714,336.0,84.28571428571429,67.14285714285714,7.0
29/05/2021,63.285714285714285,44.285714285714285,60.857142857142854,235.85714285714286,337.2857142857143,77.14285714285714,63.285714285714285,4.0
30/05/2021,63.0,44.714285714285715,61.57142857142857,218.14285714285714,338.2857142857143,77.42857142857143,63.0,3.0
31/05/2021,58.142857142857146,45.42857142857143,61.42857142857143,206.28571428571428,355.57142857142856,66.71428571428571,58.142857142857146,3.0
01/06/2021,66.71428571428571,45.57142857142857,61.714285714285715,198.14285714285714,348.85714285714283,71.14285714285714,66.71428571428571,3.0
02/06/2021,84.28571428571429,46.714285714285715,61.714285714285715,194.14285714285714,362.14285714285717,84.28571428571429,84.28571428571429,5.0
03/06/2021,82.57142857142857,48.142857142857146,62.142857142857146,190.85714285714286,394.2857142857143,81.71428571428571,82.57142857142857,1.0
04/06/2021,82.28571428571429,50.0,61.714285714285715,189.42857142857142,438.7142857142857,80.14285714285714,82.28571428571429,3.0
05/06/2021,79.85714285714286,52.42857142857143,62.0,190.85714285714286,487.2857142857143,75.28571428571429,79.85714285714286,1.0
06/06/2021,80.0,55.0,61.285714285714285,186.71428571428572,535.2857142857143,81.14285714285714,80.0,2.0
07/06/2021,82.0,56.857142857142854,62.714285714285715,182.42857142857142,576.5714285714286,82.42857142857143,82.0,7.0
08/06/2021,80.14285714285714,59.0,62.142857142857146,178.14285714285714,612.0,80.71428571428571,80.14285714285714,3.0
09/06/2021,82.28571428571429,59.0,63.714285714285715,174.57142857142858,612.1428571428571,82.42857142857143,82.28571428571429,3.0
10/06/2021,93.0,58.857142857142854,66.28571428571429,173.42857142857142,615.1428571428571,90.42857142857143,93.0,4.0
11/06/2021,107.28571428571429,58.857142857142854,67.14285714285714,175.85714285714286,617.4285714285714,101.14285714285714,107.28571428571429,3.0
12/06/2021,113.0,58.42857142857143,67.71428571428571,170.28571428571428,614.4285714285714,114.85714285714286,113.0,1.0
13/06/2021,113.57142857142857,57.42857142857143,69.0,170.57142857142858,611.8571428571429,109.0,113.57142857142857,6.0
14/06/2021,132.71428571428572,57.285714285714285,69.0,184.57142857142858,584.5714285714286,115.28571428571429,132.71428571428572,3.0
15/06/2021,143.14285714285714,57.0,70.28571428571429,195.42857142857142,588.8571428571429,128.42857142857142,143.14285714285714,6.0
16/06/2021,150.0,57.57142857142857,71.0,200.28571428571428,615.2857142857143,140.57142857142858,150.0,8.0
17/06/2021,156.28571428571428,57.857142857142854,69.14285714285714,205.85714285714286,653.7142857142857,95.0,156.28571428571428,3.0
18/06/2021,158.0,58.285714285714285,68.28571428571429,208.71428571428572,660.4285714285714,148.0,158.0,3.0
19/06/2021,155.57142857142858,59.0,67.42857142857143,211.0,675.8571428571429,148.14285714285714,155.57142857142858,7.0
20/06/2021,154.71428571428572,60.285714285714285,66.85714285714286,213.14285714285714,691.2857142857143,148.14285714285714,154.71428571428572,1.0
21/06/2021,151.14285714285714,61.142857142857146,66.42857142857143,205.0,713.8571428571429,155.0,151.14285714285714,2.0
22/06/2021,144.14285714285714,62.142857142857146,65.0,196.57142857142858,735.5714285714286,149.0,144.14285714285714,1.0
23/06/2021,131.28571428571428,62.57142857142857,62.857142857142854,196.42857142857142,744.7142857142857,128.14285714285714,131.28571428571428,6.0
24/06/2021,121.85714285714286,63.142857142857146,62.285714285714285,198.71428571428572,736.2857142857143,167.85714285714286,121.85714285714286,2.0
25/06/2021,119.28571428571429,63.285714285714285,60.857142857142854,206.0,746.4285714285714,111.42857142857143,119.28571428571429,5.0
26/06/2021,120.42857142857143,62.857142857142854,59.0,206.71428571428572,727.5714285714286,117.28571428571429,120.42857142857143,0.0
27/06/2021,122.28571428571429,62.42857142857143,56.857142857142854,206.85714285714286,706.7142857142857,119.71428571428571,122.28571428571429,1.0
28/06/2021,122.57142857142857,61.857142857142854,53.57142857142857,209.85714285714286,689.7142857142857,116.14285714285714,122.57142857142857,9.0
29/06/2021,117.85714285714286,60.857142857142854,52.0,212.28571428571428,657.5714285714286,111.71428571428571,117.85714285714286,3.0
30/06/2021,113.85714285714286,60.285714285714285,49.857142857142854,210.71428571428572,627.8571428571429,112.57142857142857,113.85714285714286,0.0
01/07/2021,101.14285714285714,59.285714285714285,48.142857142857146,202.0,594.7142857142857,107.28571428571429,101.14285714285714,0.0
02/07/2021,87.0,58.0,45.857142857142854,188.0,563.8571428571429,97.85714285714286,87.0,9.0
03/07/2021,91.0,57.285714285714285,43.714285714285715,183.14285714285714,549.5714285714286,92.71428571428571,91.0,0.0
04/07/2021,89.42857142857143,56.714285714285715,42.142857142857146,179.28571428571428,537.2857142857143,90.14285714285714,89.42857142857143,1.0
05/07/2021,74.85714285714286,56.57142857142857,42.0,179.71428571428572,521.7142857142857,72.42857142857143,74.85714285714286,1.0
06/07/2021,71.42857142857143,56.142857142857146,40.714285714285715,175.42857142857142,514.5714285714286,74.0,71.42857142857143,1.0
07/07/2021,71.57142857142857,55.285714285714285,39.0,170.85714285714286,512.0,74.0,71.57142857142857,2.0
08/07/2021,86.28571428571429,54.714285714285715,37.857142857142854,169.0,517.1428571428571,85.57142857142857,86.28571428571429,3.0
09/07/2021,85.85714285714286,54.42857142857143,38.142857142857146,168.71428571428572,520.5714285714286,84.14285714285714,85.85714285714286,5.0
11/07/2021,76.0,53.285714285714285,38.57142857142857,170.0,536.7142857142857,72.28571428571429,76.0,3.0
12/07/2021,85.14285714285714,51.857142857142854,37.42857142857143,157.42857142857142,550.7142857142857,94.85714285714286,85.14285714285714,4.0
13/07/2021,90.42857142857143,50.42857142857143,35.42857142857143,146.85714285714286,569.5714285714286,98.14285714285714,90.42857142857143,1.0
14/07/2021,92.85714285714286,48.42857142857143,33.714285714285715,140.71428571428572,585.1428571428571,95.28571428571429,92.85714285714286,6.0
15/07/2021,91.14285714285714,46.857142857142854,32.285714285714285,135.42857142857142,588.0,93.0,91.14285714285714,1.0
16/07/2021,86.85714285714286,44.42857142857143,29.285714285714285,126.85714285714286,586.2857142857143,91.57142857142857,86.85714285714286,6.0
17/07/2021,84.28571428571429,42.714285714285715,26.571428571428573,120.0,567.1428571428571,87.42857142857143,84.28571428571429,3.0
18/07/2021,80.42857142857143,41.57142857142857,23.571428571428573,113.0,526.0,83.85714285714286,80.42857142857143,2.0
19/07/2021,77.71428571428571,40.142857142857146,22.428571428571427,119.42857142857143,457.7142857142857,68.0,77.71428571428571,2.0
20/07/2021,75.85714285714286,38.0,21.428571428571427,119.42857142857143,399.57142857142856,72.28571428571429,75.85714285714286,1.0
21/07/2021,69.14285714285714,37.0,19.571428571428573,121.57142857142857,345.7142857142857,64.42857142857143,69.14285714285714,0.0
22/07/2021,60.57142857142857,35.142857142857146,19.285714285714285,122.71428571428571,302.0,55.142857142857146,60.57142857142857,3.0
23/07/2021,50.714285714285715,34.42857142857143,19.142857142857142,125.71428571428571,261.85714285714283,45.57142857142857,50.714285714285715,1.0
24/07/2021,49.0,33.142857142857146,17.571428571428573,125.71428571428571,236.14285714285714,47.42857142857143,49.0,0.0
25/07/2021,49.857142857142854,33.57142857142857,16.571428571428573,127.14285714285714,232.42857142857142,47.142857142857146,49.857142857142854,0.0
26/07/2021,57.857142857142854,32.42857142857143,15.571428571428571,128.0,257.57142857142856,56.0,57.857142857142854,0.0
27/07/2021,54.42857142857143,31.714285714285715,15.285714285714286,129.85714285714286,253.85714285714286,51.714285714285715,54.42857142857143,2.0
28/07/2021,50.714285714285715,30.857142857142858,16.142857142857142,131.57142857142858,247.57142857142858,47.857142857142854,50.714285714285715,2.0
29/07/2021,49.857142857142854,30.714285714285715,15.571428571428571,135.28571428571428,233.85714285714286,46.857142857142854,49.857142857142854,0.0
30/07/2021,49.0,30.428571428571427,15.714285714285714,136.42857142857142,206.14285714285714,47.285714285714285,49.0,0.0
31/07/2021,44.57142857142857,30.142857142857142,16.285714285714285,139.14285714285714,181.85714285714286,41.285714285714285,44.57142857142857,0.0
01/08/2021,44.142857142857146,28.142857142857142,16.285714285714285,141.14285714285714,157.71428571428572,41.57142857142857,44.142857142857146,0.0
02/08/2021,32.57142857142857,28.0,15.714285714285714,135.71428571428572,121.28571428571429,37.42857142857143,32.57142857142857,0.0
04/08/2021,40.42857142857143,27.285714285714285,16.285714285714285,132.28571428571428,122.28571428571429,43.42857142857143,40.42857142857143,1.0
05/08/2021,39.285714285714285,26.571428571428573,15.571428571428571,129.57142857142858,125.57142857142857,41.57142857142857,39.285714285714285,2.0
06/08/2021,38.57142857142857,25.714285714285715,15.714285714285714,123.85714285714286,118.14285714285714,43.714285714285715,38.57142857142857,1.0
07/08/2021,32.857142857142854,24.714285714285715,15.714285714285714,117.28571428571429,117.71428571428571,38.857142857142854,32.857142857142854,0.0
08/08/2021,31.428571428571427,23.714285714285715,15.857142857142858,107.71428571428571,117.42857142857143,40.42857142857143,31.428571428571427,0.0
09/08/2021,34.714285714285715,22.857142857142858,15.571428571428571,98.0,112.85714285714286,43.857142857142854,34.714285714285715,0.0
10/08/2021,37.285714285714285,22.285714285714285,15.285714285714286,97.71428571428571,130.42857142857142,36.857142857142854,37.285714285714285,1.0
11/08/2021,24.857142857142858,22.0,14.142857142857142,94.28571428571429,125.85714285714286,27.714285714285715,24.857142857142858,0.0
12/08/2021,25.142857142857142,21.714285714285715,13.857142857142858,91.57142857142857,113.71428571428571,27.571428571428573,25.142857142857142,0.0
13/08/2021,23.428571428571427,21.428571428571427,13.857142857142858,93.42857142857143,103.57142857142857,21.142857142857142,23.428571428571427,1.0
14/08/2021,24.571428571428573,21.285714285714285,13.571428571428571,94.28571428571429,93.42857142857143,23.285714285714285,24.571428571428573,0.0
15/08/2021,24.714285714285715,21.0,13.142857142857142,97.0,83.28571428571429,21.571428571428573,24.714285714285715,0.0
16/08/2021,22.0,20.714285714285715,12.714285714285714,94.71428571428571,77.14285714285714,23.571428571428573,22.0,2.0
17/08/2021,21.142857142857142,20.142857142857142,12.0,93.71428571428571,62.0,21.571428571428573,21.142857142857142,0.0
18/08/2021,20.571428571428573,19.714285714285715,10.714285714285714,94.42857142857143,51.142857142857146,19.142857142857142,20.571428571428573,1.0
19/08/2021,21.571428571428573,19.428571428571427,9.714285714285714,96.28571428571429,44.142857142857146,18.857142857142858,21.571428571428573,1.0
20/08/2021,19.428571428571427,19.285714285714285,8.571428571428571,95.57142857142857,45.285714285714285,19.428571428571427,19.428571428571427,1.0
21/08/2021,17.428571428571427,19.0,7.285714285714286,95.0,46.285714285714285,17.142857142857142,17.428571428571427,1.0
22/08/2021,17.285714285714285,18.714285714285715,6.857142857142857,92.14285714285714,47.57142857142857,19.285714285714285,17.285714285714285,0.0
23/08/2021,18.714285714285715,18.428571428571427,7.0,95.14285714285714,48.142857142857146,15.0,18.714285714285715,1.0
24/08/2021,13.571428571428571,18.285714285714285,7.285714285714286,95.57142857142857,48.142857142857146,12.428571428571429,13.571428571428571,0.0
25/08/2021,17.571428571428573,18.142857142857142,7.571428571428571,94.42857142857143,52.142857142857146,18.142857142857142,17.571428571428573,0.0
26/08/2021,13.285714285714286,18.0,7.714285714285714,91.28571428571429,57.285714285714285,16.0,13.285714285714286,0.0
27/08/2021,13.714285714285714,17.714285714285715,7.571428571428571,88.28571428571429,59.714285714285715,16.428571428571427,13.714285714285714,0.0
28/08/2021,13.857142857142858,17.571428571428573,7.857142857142857,87.0,62.285714285714285,15.0,13.857142857142858,0.0
29/08/2021,13.714285714285714,17.428571428571427,8.0,87.85714285714286,64.57142857142857,12.714285714285714,13.714285714285714,0.0
